                  epoch,         train/box_loss,         train/cls_loss,         train/dfl_loss,   metrics/precision(B),      metrics/recall(B),       metrics/mAP50(B),    metrics/mAP50-95(B),           val/box_loss,           val/cls_loss,           val/dfl_loss,                 lr/pg0,                 lr/pg1,                 lr/pg2
                      1,                 1.6022,                 3.7016,                 1.6736,                0.00367,                0.58974,                0.05192,                0.01899,                 1.5407,                 4.2386,                 1.7028,              4.287e-05,              4.287e-05,              4.287e-05
                      2,                 1.5192,                 3.4492,                 1.5818,                0.00503,                0.68519,                 0.2499,                0.11051,                 1.3988,                 3.9409,                 1.4586,              9.904e-05,              9.904e-05,              9.904e-05
                      3,                 1.3083,                 3.0216,                  1.334,                0.00627,                0.77778,                0.49748,                0.32219,                 1.2595,                  3.594,                 1.1579,             0.00015408,             0.00015408,             0.00015408
                      4,                  1.307,                 2.2591,                 1.3231,                      1,                0.08238,                0.45999,                 0.2942,                 1.4309,                 3.3341,                 1.2821,             0.00020798,             0.00020798,             0.00020798
                      5,                 1.2007,                 1.7291,                 1.2254,                0.94806,                0.07692,                0.57639,                0.37551,                 1.4385,                 3.2142,                 1.3127,             0.00026076,             0.00026076,             0.00026076
                      6,                 1.2016,                  1.657,                  1.224,                0.00889,                0.81481,                0.62758,                 0.4168,                 1.3746,                 3.1032,                 1.2518,              0.0003124,              0.0003124,              0.0003124
